City_ID,City,Lat,Lng,Max Temp,Humidity,Cloudiness,Wind Speed,Country,Date
0,Kodiak,57.79,-152.4072,24.31,58,40,10.36,US,2022-02-09 02:24:45
1,Castro,-24.7911,-50.0119,61.45,98,31,9.04,BR,2022-02-09 02:24:46
2,Saint George,37.1041,-113.5841,61.39,16,0,20.71,US,2022-02-09 02:22:44
3,Talcahuano,-36.7167,-73.1167,64.08,72,0,17.27,CL,2022-02-09 02:24:46
4,Ozark,37.0209,-93.206,52.21,71,2,7.07,US,2022-02-09 02:24:46
5,Hithadhoo,-0.6,73.0833,82.83,68,100,14.09,MV,2022-02-09 02:24:47
6,Mataura,-46.1927,168.8643,64.47,66,100,4.99,NZ,2022-02-09 02:24:47
7,Lagoa,39.05,-27.9833,59.23,71,98,13.13,PT,2022-02-09 02:24:47
8,Faya,18.3851,42.4509,50.52,81,6,3.56,SA,2022-02-09 02:24:47
9,Leua,48.2156,18.6071,44.92,86,100,10.51,SK,2022-02-09 02:24:48
10,Rikitea,-23.1203,-134.9692,79.09,70,84,14.12,PF,2022-02-09 02:24:48
11,Princeton,25.5384,-80.4089,68.02,87,0,11.5,US,2022-02-09 02:24:48
12,Kavaratti,10.5669,72.642,78.51,72,100,11.92,IN,2022-02-09 02:24:49
13,Cockburn Town,21.4612,-71.1419,76.96,73,40,16.11,TC,2022-02-09 02:24:49
14,Krasnoselkup,65.7,82.4667,-13.32,88,93,11.03,RU,2022-02-09 02:24:49
15,Norman Wells,65.282,-126.8329,-23.76,62,100,2.3,CA,2022-02-09 02:24:49
16,Moroni,-11.7022,43.2551,79.41,81,100,12.26,KM,2022-02-09 02:24:50
17,Saint-Philippe,-21.3585,55.7679,74.79,85,89,9.69,RE,2022-02-09 02:24:50
18,Port Elizabeth,-33.918,25.5701,64.69,94,100,21.85,ZA,2022-02-09 02:24:50
19,Goba,7.0167,39.9833,50.29,64,93,0.63,ET,2022-02-09 02:24:51
20,Yining,29.0361,114.5636,37.56,95,100,1.68,CN,2022-02-09 02:24:51
21,Albany,42.6001,-73.9662,30.16,73,22,8.61,US,2022-02-09 02:24:15
22,Bengkulu,-3.8004,102.2655,78.94,79,97,7.05,ID,2022-02-09 02:23:53
23,Halifax,44.6453,-63.5724,36.48,97,100,10.36,CA,2022-02-09 02:21:19
24,Fairbanks,64.8378,-147.7164,6.76,69,0,4.61,US,2022-02-09 02:23:26
25,Sabang,5.8933,95.3214,81.0,75,80,7.83,ID,2022-02-09 02:24:52
26,Khandyga,62.6667,135.6,-11.65,92,99,2.42,RU,2022-02-09 02:24:52
27,Busselton,-33.65,115.3333,74.05,48,1,5.14,AU,2022-02-09 02:24:52
28,New Norfolk,-42.7826,147.0587,82.65,22,70,1.92,AU,2022-02-09 02:24:53
29,Tasiilaq,65.6145,-37.6368,19.56,74,100,8.99,GL,2022-02-09 02:24:53
30,Ushuaia,-54.8,-68.3,47.86,71,20,5.75,AR,2022-02-09 02:20:31
31,Tuktoyaktuk,69.4541,-133.0374,-41.8,66,20,4.61,CA,2022-02-09 02:24:53
32,Cidreira,-30.1811,-50.2056,69.26,76,0,6.58,BR,2022-02-09 02:23:35
33,Qaanaaq,77.484,-69.3632,-14.67,91,100,4.29,GL,2022-02-09 02:24:54
34,Jamestown,42.097,-79.2353,27.72,73,20,9.22,US,2022-02-09 02:24:54
35,East London,-33.0153,27.9116,72.57,89,39,16.51,ZA,2022-02-09 02:24:54
36,Sitka,57.0531,-135.33,44.49,81,100,5.75,US,2022-02-09 02:24:54
37,Road Town,18.4167,-64.6167,75.99,63,100,18.84,VG,2022-02-09 02:24:55
38,Punta Arenas,-53.15,-70.9167,51.91,66,75,6.91,CL,2022-02-09 02:22:25
39,Hermanus,-34.4187,19.2345,62.91,83,0,7.34,ZA,2022-02-09 02:24:55
40,Yamada,39.4667,141.95,37.49,43,13,1.36,JP,2022-02-09 02:24:55
41,Mnogovershinnyy,53.9353,139.9242,11.07,87,100,8.25,RU,2022-02-09 02:24:56
42,Half Moon Bay,37.4636,-122.4286,66.38,56,0,5.75,US,2022-02-09 02:24:56
43,Hofn,64.2539,-15.2082,30.29,61,100,15.61,IS,2022-02-09 02:24:56
44,Sola,-13.8833,167.55,81.05,80,100,28.88,VU,2022-02-09 02:24:57
45,Kyabe,9.4515,18.9449,71.74,18,8,5.77,TD,2022-02-09 02:24:57
46,Vaini,-21.2,-175.2,80.37,82,24,21.34,TO,2022-02-09 02:25:57
47,Los Llanos De Aridane,28.6585,-17.9182,65.12,64,0,5.01,ES,2022-02-09 02:25:57
48,Cherskiy,68.75,161.3,-35.68,97,71,3.83,RU,2022-02-09 02:25:58
49,San Cristobal,7.7669,-72.225,73.58,89,53,1.86,VE,2022-02-09 02:25:58
50,Paamiut,61.994,-49.6678,1.27,79,100,13.49,GL,2022-02-09 02:25:58
51,Gizo,-8.103,156.8419,83.14,76,99,12.82,SB,2022-02-09 02:25:59
52,Paciran,-6.8767,112.3761,81.84,75,98,8.25,ID,2022-02-09 02:25:59
53,Gardenstown,57.671,-2.336,41.79,80,41,23.11,GB,2022-02-09 02:25:59
54,Thompson,55.7435,-97.8558,10.56,79,100,10.36,CA,2022-02-09 02:25:05
55,Cape Town,-33.9258,18.4232,63.27,89,20,4.61,ZA,2022-02-09 02:26:00
56,Atuona,-9.8,-139.0333,78.89,75,16,16.31,PF,2022-02-09 02:26:00
57,Rundu,-17.9333,19.7667,65.62,78,11,4.9,NA,2022-02-09 02:26:00
58,Nikolskoye,59.7035,30.7861,32.72,97,100,4.59,RU,2022-02-09 02:26:00
59,Mar Del Plata,-38.0023,-57.5575,67.08,86,0,11.01,AR,2022-02-09 02:26:01
60,Bredasdorp,-34.5322,20.0403,60.28,82,0,5.75,ZA,2022-02-09 02:26:01
61,Hilo,19.7297,-155.09,73.8,89,100,4.61,US,2022-02-09 02:23:17
62,Talnakh,69.4865,88.3972,-2.79,96,100,11.81,RU,2022-02-09 02:26:01
63,Souillac,-20.5167,57.5167,75.58,88,40,1.14,MU,2022-02-09 02:26:02
64,Nowy Dwor Mazowiecki,52.4302,20.7165,41.13,89,75,16.11,PL,2022-02-09 02:26:02
65,Faanui,-16.4833,-151.75,81.39,76,37,16.44,PF,2022-02-09 02:26:02
66,Bubaque,11.2833,-15.8333,77.49,68,5,7.87,GW,2022-02-09 02:26:02
67,Nexo,55.0607,15.1306,39.29,95,74,21.34,DK,2022-02-09 02:26:03
68,Annau,37.8876,58.516,29.7,59,5,0.0,TM,2022-02-09 02:26:03
69,Barceloneta,18.4505,-66.5385,76.05,87,5,9.73,PR,2022-02-09 02:26:03
70,Upernavik,72.7868,-56.1549,-16.87,88,81,6.69,GL,2022-02-09 02:26:04
71,Luderitz,-26.6481,15.1594,72.82,66,0,8.97,NA,2022-02-09 02:26:04
72,Lolodorf,3.2333,10.7333,71.89,97,91,2.08,CM,2022-02-09 02:26:04
73,Kununurra,-15.7667,128.7333,91.38,62,69,5.75,AU,2022-02-09 02:26:04
74,Balakhninskiy,58.0106,114.2769,-2.81,96,100,2.24,RU,2022-02-09 02:26:05
75,Avarua,-21.2078,-159.775,78.85,89,75,5.75,CK,2022-02-09 02:26:05
76,Pucallpa,-8.3791,-74.5539,77.04,100,40,0.0,PE,2022-02-09 02:26:05
77,Baillif,16.0202,-61.7463,75.63,77,4,8.68,GP,2022-02-09 02:26:06
78,Honningsvag,70.9821,25.9704,28.76,77,100,27.42,NO,2022-02-09 02:26:06
79,Anaconda,46.1285,-112.9423,37.78,75,100,6.38,US,2022-02-09 02:24:26
80,Qui Nhon,13.7667,109.2333,76.82,85,98,6.35,VN,2022-02-09 02:26:06
81,Yazykovo,55.2199,56.1353,10.99,97,100,4.09,RU,2022-02-09 02:26:07
82,Constitucion,-35.3333,-72.4167,59.65,90,16,14.72,CL,2022-02-09 02:26:07
83,Khasan,42.4308,130.6434,27.48,56,17,2.68,RU,2022-02-09 02:26:07
84,Bluff,-46.6,168.3333,64.8,77,100,10.58,NZ,2022-02-09 02:26:07
85,Abu Kamal,34.4506,40.9171,53.1,42,97,6.89,SY,2022-02-09 02:26:08
86,Puerto Escondido,15.85,-97.0667,76.03,73,75,5.75,MX,2022-02-09 02:26:08
87,Aljezur,37.3191,-8.8033,53.71,86,0,12.39,PT,2022-02-09 02:26:08
88,Kaitangata,-46.2817,169.8464,61.18,82,100,11.48,NZ,2022-02-09 02:26:09
89,Ambon,-3.6954,128.1814,84.34,74,40,3.44,ID,2022-02-09 02:22:36
90,Kuusamo,65.9667,29.1833,23.04,93,100,8.05,FI,2022-02-09 02:26:09
91,Inhapim,-19.5492,-42.12,68.59,98,100,1.9,BR,2022-02-09 02:26:09
92,Hobart,-42.8794,147.3294,83.01,39,40,4.61,AU,2022-02-09 02:24:21
93,Port Alfred,-33.5906,26.891,69.6,88,32,13.04,ZA,2022-02-09 02:26:10
94,Inuvik,68.3499,-133.7218,-37.34,67,20,4.61,CA,2022-02-09 02:26:10
95,Yangambi,0.8102,24.4336,70.23,72,32,1.97,CD,2022-02-09 02:27:10
96,Lorengau,-2.0226,147.2712,83.62,76,93,8.48,PG,2022-02-09 02:27:11
97,Jalu,29.0331,21.5482,50.83,52,5,12.15,LY,2022-02-09 02:27:11
98,Coihaique,-45.5752,-72.0662,58.95,47,0,10.36,CL,2022-02-09 02:23:54
99,Iqaluit,63.7506,-68.5145,-0.31,84,100,6.91,CA,2022-02-09 02:27:11
100,Yellowknife,62.456,-114.3525,-16.71,77,20,4.61,CA,2022-02-09 02:25:23
101,Pore,5.7272,-71.9947,73.31,85,70,1.68,CO,2022-02-09 02:27:12
102,Tianpeng,30.9866,103.9393,39.67,76,9,3.4,CN,2022-02-09 02:27:12
103,Vestmanna,62.1564,-7.1664,36.52,65,75,21.85,FO,2022-02-09 02:27:12
104,Margate,51.3813,1.3862,49.96,82,100,5.99,GB,2022-02-09 02:27:13
105,Burns Lake,54.2331,-125.7533,36.82,96,92,5.77,CA,2022-02-09 02:25:03
106,Cortez,37.3489,-108.5859,39.7,27,0,0.0,US,2022-02-09 02:27:13
107,Butaritari,3.0707,172.7902,82.36,76,96,15.84,KI,2022-02-09 02:27:13
108,Kapaa,22.0752,-159.319,78.78,71,75,8.05,US,2022-02-09 02:27:14
109,Palmer,42.1584,-72.3287,34.2,66,0,21.85,US,2022-02-09 02:27:14
110,Mariental,-24.6333,17.9667,71.31,68,83,3.18,NA,2022-02-09 02:27:14
111,Turbat,26.0023,63.044,63.48,26,0,9.6,PK,2022-02-09 02:27:14
112,Taikang,46.8333,124.4167,13.46,83,22,7.92,CN,2022-02-09 02:27:15
113,Igrim,63.1906,64.4162,-3.32,99,71,5.32,RU,2022-02-09 02:27:15
114,Kamina,-8.7386,24.9906,63.93,94,100,1.66,CD,2022-02-09 02:27:15
115,Dikson,73.5069,80.5464,2.71,93,100,22.7,RU,2022-02-09 02:27:16
116,Whitianga,-36.8333,175.7,70.59,96,100,8.12,NZ,2022-02-09 02:27:16
117,Pangnirtung,66.1451,-65.7125,-7.47,97,100,4.36,CA,2022-02-09 02:27:16
118,Vestmannaeyjar,63.4427,-20.2734,35.47,71,92,7.9,IS,2022-02-09 02:27:17
119,Tucupita,9.0622,-62.051,70.86,97,85,3.18,VE,2022-02-09 02:27:17
120,Ahipara,-35.1667,173.1667,81.48,63,8,12.93,NZ,2022-02-09 02:27:17
121,Weston,26.1004,-80.3998,68.02,86,100,8.05,US,2022-02-09 02:27:18
122,Cabo San Lucas,22.8909,-109.9124,70.9,67,0,4.61,MX,2022-02-09 02:23:32
123,Pevek,69.7008,170.3133,-29.78,100,77,4.05,RU,2022-02-09 02:27:18
124,Quang Ngai,15.1167,108.8,77.5,83,82,2.68,VN,2022-02-09 02:25:54
125,Mahebourg,-20.4081,57.7,75.49,88,40,1.14,MU,2022-02-09 02:27:18
126,Ayr,55.4627,-4.6339,45.48,87,75,20.71,GB,2022-02-09 02:27:19
127,Lebu,-37.6167,-73.65,59.04,79,6,18.28,CL,2022-02-09 02:27:19
128,Stokmarknes,68.5646,14.9108,35.49,84,100,14.5,NO,2022-02-09 02:27:19
129,Tiksi,71.6872,128.8694,-18.67,98,55,9.71,RU,2022-02-09 02:27:20
130,Bailieborough,53.9167,-6.9667,43.43,90,89,14.99,IE,2022-02-09 02:27:20
131,Charagua,-19.8,-63.2167,72.61,43,95,1.88,BO,2022-02-09 02:27:20
132,San Francisco,37.7749,-122.4194,65.82,57,0,5.75,US,2022-02-09 02:23:39
133,Ribeira Grande,38.5167,-28.7,60.17,71,33,5.86,PT,2022-02-09 02:27:21
134,Manta,-0.95,-80.7333,74.98,83,20,2.3,EC,2022-02-09 02:27:21
135,Nishihara,26.1842,127.7558,66.25,73,100,9.22,JP,2022-02-09 02:27:21
136,Yanam,16.7333,82.2167,72.0,76,88,2.89,IN,2022-02-09 02:27:22
137,Sinnamary,5.3833,-52.95,76.95,85,47,5.75,GF,2022-02-09 02:27:22
138,Benjamin Hill,30.1667,-111.1,63.18,14,0,7.02,MX,2022-02-09 02:27:22
139,Hamilton,39.1834,-84.5333,43.43,70,0,10.36,US,2022-02-09 02:27:23
140,Ulcinj,41.9294,19.2244,39.97,65,0,7.87,ME,2022-02-09 02:27:23
141,Flinders,-34.5833,150.8552,88.18,42,0,11.99,AU,2022-02-09 02:27:23
142,Kachiry,53.0675,76.1036,5.58,97,91,5.88,KZ,2022-02-09 02:28:24
143,Cap-Aux-Meules,47.3821,-61.8597,32.05,100,100,41.43,CA,2022-02-09 02:28:24
144,Agirish,61.9247,63.0231,-0.78,99,99,6.17,RU,2022-02-09 02:28:24
145,Khatanga,71.9667,102.5,1.74,88,98,14.79,RU,2022-02-09 02:28:25
146,Altay,47.8667,88.1167,4.82,74,97,5.88,CN,2022-02-09 02:28:25
147,Hit,33.6416,42.8251,52.09,54,55,8.34,IQ,2022-02-09 02:28:25
148,Touros,-5.1989,-35.4608,79.7,72,7,11.95,BR,2022-02-09 02:28:25
149,Saskylakh,71.9167,114.0833,2.88,85,93,14.79,RU,2022-02-09 02:28:26
150,Rabo De Peixe,37.8,-25.5833,56.28,94,20,9.22,PT,2022-02-09 02:28:26
151,Katobu,-4.9408,122.5276,82.15,78,100,2.73,ID,2022-02-09 02:28:26
152,Grindavik,63.8424,-22.4338,30.67,74,99,33.38,IS,2022-02-09 02:28:27
153,Berdigestyakh,62.0989,126.6992,-23.94,97,95,1.12,RU,2022-02-09 02:28:27
154,Mufumbwe,-13.6833,24.8,63.61,96,100,3.71,ZM,2022-02-09 02:28:27
155,Itarema,-2.9248,-39.9167,78.64,82,38,11.23,BR,2022-02-09 02:28:28
156,Evensk,61.95,159.2333,-1.43,76,2,4.83,RU,2022-02-09 02:28:28
157,Aleksandrov Gay,50.147,48.5704,25.09,94,100,9.46,RU,2022-02-09 02:28:28
158,Puerto Del Rosario,28.5004,-13.8627,69.55,56,90,8.05,ES,2022-02-09 02:28:28
159,Lata,40.1629,-8.3327,48.72,70,0,4.03,PT,2022-02-09 02:28:29
160,Ilulissat,69.2167,-51.1,-5.78,65,94,27.63,GL,2022-02-09 02:28:29
161,Norsup,-16.0667,167.3833,81.21,81,100,29.24,VU,2022-02-09 02:28:29
162,Torbay,47.6666,-52.7314,31.75,92,100,19.57,CA,2022-02-09 02:28:30
163,Nemuro,43.3236,145.575,28.83,64,4,14.97,JP,2022-02-09 02:28:30
164,Solnechnyy,50.7214,136.6319,8.91,85,49,2.48,RU,2022-02-09 02:28:30
165,Mayumba,-3.432,10.6554,77.27,90,100,5.73,GA,2022-02-09 02:28:31
166,Zyryanka,65.75,150.85,-31.5,95,86,4.59,RU,2022-02-09 02:28:31
167,Iralaya,15.0,-83.2333,75.2,79,7,9.48,HN,2022-02-09 02:28:31
168,Chesterville,44.5512,-70.0862,34.47,97,98,9.04,US,2022-02-09 02:28:32
169,Namibe,-15.1961,12.1522,72.3,84,100,10.58,AO,2022-02-09 02:28:32
170,Auki,-8.7676,160.7034,77.58,92,100,7.72,SB,2022-02-09 02:28:32
171,Carnarvon,-24.8667,113.6333,87.87,42,0,9.22,AU,2022-02-09 02:28:33
172,Xixiang,35.1628,112.865,41.22,51,100,4.72,CN,2022-02-09 02:28:33
173,Hervey Bay,-25.2986,152.8535,84.31,53,8,13.65,AU,2022-02-09 02:28:33
174,Meulaboh,4.1363,96.1285,77.58,85,98,5.77,ID,2022-02-09 02:28:33
175,Yakovlevo,50.8603,36.4478,28.65,88,100,7.61,RU,2022-02-09 02:28:34
176,Saint-Georges,12.0564,-61.7485,76.68,78,20,11.5,GD,2022-02-09 02:28:34
177,Padang,-0.9492,100.3543,79.45,70,99,4.54,ID,2022-02-09 02:28:35
178,Calvinia,-31.4707,19.776,69.98,26,0,5.01,ZA,2022-02-09 02:28:35
179,Guerrero Negro,27.9769,-114.0611,64.04,56,11,11.79,MX,2022-02-09 02:28:35
180,Guiratinga,-16.3494,-53.7583,71.11,94,97,1.63,BR,2022-02-09 02:28:35
181,Holoby,51.0865,25.0077,40.05,85,84,16.78,UA,2022-02-09 02:28:36
182,Ishigaki,24.3448,124.1572,64.53,94,75,13.8,JP,2022-02-09 02:28:36
183,Taoudenni,22.6783,-3.9836,65.61,14,0,13.42,ML,2022-02-09 02:28:36
184,Kalikino,52.9493,39.8269,30.72,93,100,4.68,RU,2022-02-09 02:28:37
185,Necochea,-38.5473,-58.7368,63.03,68,100,9.69,AR,2022-02-09 02:29:37
186,Severo-Kurilsk,50.6789,156.125,31.08,95,96,25.14,RU,2022-02-09 02:29:37
187,Oparino,59.8518,48.2783,15.42,95,97,8.57,RU,2022-02-09 02:29:38
188,Jaciara,-15.9653,-54.9683,71.28,95,100,1.14,BR,2022-02-09 02:28:13
189,Cururupu,-1.8283,-44.8683,74.28,93,53,1.7,BR,2022-02-09 02:29:38
190,Chinhoyi,-17.3667,30.2,61.59,96,10,2.84,ZW,2022-02-09 02:29:38
191,Erenhot,43.6475,111.9767,12.69,75,14,10.54,CN,2022-02-09 02:29:39
192,Klaksvik,62.2266,-6.589,38.32,70,90,39.59,FO,2022-02-09 02:29:39
193,Ziniare,12.5822,-1.2983,71.64,14,1,8.88,BF,2022-02-09 02:29:39
194,Carsamba,41.1989,36.7219,47.95,87,75,9.22,TR,2022-02-09 02:29:39
195,Saravan,39.7196,45.6483,25.39,90,77,5.46,AM,2022-02-09 02:29:40
196,Anadyr,64.75,177.4833,-26.9,67,20,4.47,RU,2022-02-09 02:29:40
197,Mbandaka,0.0487,18.2603,72.52,41,89,2.24,CD,2022-02-09 02:29:40
198,Marawi,7.9986,124.2928,73.65,71,100,5.3,PH,2022-02-09 02:29:41
199,Cayenne,4.9333,-52.3333,78.84,86,75,4.0,GF,2022-02-09 02:29:41
200,Garowe,8.4054,48.4845,62.15,88,4,9.84,SO,2022-02-09 02:29:41
201,Red Deer,52.2668,-113.802,41.25,64,100,4.61,CA,2022-02-09 02:28:45
202,Acapulco,16.8634,-99.8901,78.62,73,40,4.61,MX,2022-02-09 02:29:42
203,Catuday,16.2923,119.8062,81.32,61,56,12.01,PH,2022-02-09 02:29:42
204,Walvis Bay,-22.9575,14.5053,69.1,94,37,6.91,NA,2022-02-09 02:29:42
205,Alepe,5.5004,-3.6631,82.27,95,49,3.04,CI,2022-02-09 02:29:42
206,Manavalakurichi,8.1333,77.3,80.69,70,100,6.42,IN,2022-02-09 02:29:43
207,Chicama,-7.8447,-79.1469,68.54,70,100,4.83,PE,2022-02-09 02:29:43
208,Itaqui,-29.1253,-56.5531,68.59,40,0,8.93,BR,2022-02-09 02:25:38
209,Zalantun,48.0,122.7167,16.14,65,16,4.74,CN,2022-02-09 02:29:43
210,Eskil,38.4017,33.4131,32.97,99,100,3.91,TR,2022-02-09 02:29:44
211,Namatanai,-3.6667,152.4333,85.37,67,80,8.84,PG,2022-02-09 02:29:44
212,Tuatapere,-46.1333,167.6833,64.81,61,100,4.29,NZ,2022-02-09 02:29:45
213,Valdobbiadene,45.8993,11.9946,38.3,67,85,2.8,IT,2022-02-09 02:29:45
214,Kambove,-10.8764,26.5969,60.87,97,100,4.45,CD,2022-02-09 02:29:45
215,Lasa,46.6166,10.7002,47.66,39,1,4.7,IT,2022-02-09 02:29:45
216,Arraial Do Cabo,-22.9661,-42.0278,72.43,87,100,10.29,BR,2022-02-09 02:29:46
217,Chuy,-33.6971,-53.4616,63.9,77,19,6.04,UY,2022-02-09 02:28:58
218,Chunskiy,56.0815,99.6342,-10.7,96,98,3.74,RU,2022-02-09 02:29:46
219,Omsukchan,62.5333,155.8,-10.05,76,50,2.57,RU,2022-02-09 02:29:46
220,Durango,24.8333,-104.8333,44.67,32,0,3.78,MX,2022-02-09 02:27:31
221,Broome,42.2506,-75.833,26.01,80,100,4.61,US,2022-02-09 02:29:47
222,Port Blair,11.6667,92.75,77.04,83,40,2.3,IN,2022-02-09 02:29:47
223,Odweyne,9.4092,45.064,60.15,58,11,2.71,SO,2022-02-09 02:29:47
224,Jinchang,38.4953,102.1739,21.42,46,0,4.47,CN,2022-02-09 02:29:48
225,Tuy Hoa,13.0833,109.3,77.94,84,99,5.48,VN,2022-02-09 02:29:48
226,Sechura,-5.5569,-80.8222,72.75,71,86,9.28,PE,2022-02-09 02:30:49
227,Tual,-5.6667,132.75,82.47,77,100,11.54,ID,2022-02-09 02:30:49
228,Labuan,5.2767,115.2417,86.36,70,20,3.44,MY,2022-02-09 02:30:49
229,Ballina,-28.8667,153.5667,82.44,59,40,9.22,AU,2022-02-09 02:30:50
230,Lompoc,34.6391,-120.4579,66.34,77,0,4.61,US,2022-02-09 02:30:50
231,Tiarei,-17.5333,-149.3333,86.02,79,92,18.52,PF,2022-02-09 02:30:50
232,Nome,64.5011,-165.4064,-0.33,71,100,21.85,US,2022-02-09 02:30:51
233,Chokurdakh,70.6333,147.9167,-41.12,99,97,6.13,RU,2022-02-09 02:30:51
234,Markivka,49.5229,39.5705,32.56,100,100,1.48,UA,2022-02-09 02:30:51
235,Barcelona,41.3888,2.159,52.57,89,20,2.3,ES,2022-02-09 02:26:11
236,Hauterive,46.0901,3.4459,32.76,79,20,4.52,FR,2022-02-09 02:30:52
237,Kruisfontein,-34.0033,24.7314,60.89,65,98,7.54,ZA,2022-02-09 02:28:58
238,Tatarsk,55.219,75.9828,-8.37,99,49,8.01,RU,2022-02-09 02:30:52
239,Alagoinhas,-12.1356,-38.4192,71.42,95,5,2.84,BR,2022-02-09 02:30:53
240,Sokoto,13.0609,5.239,67.57,11,2,11.88,NG,2022-02-09 02:30:53
241,Suntar,62.1444,117.6319,-14.24,92,100,3.13,RU,2022-02-09 02:30:54
242,Provideniya,64.3833,-173.3,-2.09,60,0,13.42,RU,2022-02-09 02:30:54
243,Puerto Ayora,-0.7393,-90.3518,72.79,85,34,4.41,EC,2022-02-09 02:30:54
244,Novikovo,51.1537,37.8879,24.82,92,100,5.82,RU,2022-02-09 02:30:55
245,Parana,-31.732,-60.5238,72.57,58,0,7.36,AR,2022-02-09 02:30:56
246,Panzhihua,26.5851,101.7128,57.15,44,16,0.51,CN,2022-02-09 02:30:56
247,Nador,35.174,-2.9287,57.45,77,100,10.36,MA,2022-02-09 02:30:56
248,Cimitarra,6.3142,-73.9497,73.63,96,96,2.53,CO,2022-02-09 02:30:57
249,Oistins,13.0667,-59.5333,75.29,73,20,12.66,BB,2022-02-09 02:30:57
250,Esperance,-33.8667,121.9,76.84,58,14,9.04,AU,2022-02-09 02:30:57
251,Koutiala,12.3917,-5.4642,72.07,14,16,8.28,ML,2022-02-09 02:30:58
252,Orlik,52.5178,99.825,-5.01,95,100,1.92,RU,2022-02-09 02:30:58
253,Okha,53.5739,142.9478,20.61,93,100,14.41,RU,2022-02-09 02:30:58
254,Hovd,48.0056,91.6419,-8.5,82,100,1.16,MN,2022-02-09 02:30:59
255,Bonthe,7.5264,-12.505,76.05,86,35,1.43,SL,2022-02-09 02:30:59
256,Barrow,71.2906,-156.7887,-29.18,100,0,8.05,US,2022-02-09 02:27:08
257,Guiuan,11.0333,125.7247,80.91,78,88,20.74,PH,2022-02-09 02:30:59
258,Alcudia,39.8532,3.1214,53.2,81,1,4.52,ES,2022-02-09 02:31:00
259,Srednekolymsk,67.45,153.6833,-33.29,95,63,4.59,RU,2022-02-09 02:31:00
260,Umm Lajj,25.0213,37.2685,73.0,42,66,4.43,SA,2022-02-09 02:31:00
261,Iwanai,42.9744,140.5089,29.17,74,100,10.76,JP,2022-02-09 02:31:01
262,Kailua,21.4022,-157.7394,80.58,70,75,9.22,US,2022-02-09 02:27:44
263,Bulawayo,-20.15,28.5833,55.85,72,2,3.36,ZW,2022-02-09 02:31:01
264,Mount Isa,-20.7333,139.5,91.17,35,3,10.36,AU,2022-02-09 02:31:01
265,Goundam,16.4145,-3.6708,65.98,10,0,9.69,ML,2022-02-09 02:31:02
266,Mount Pleasant,32.7941,-79.8626,44.98,95,0,1.01,US,2022-02-09 02:31:02
267,Dijkot,31.2167,72.9833,53.28,78,42,5.06,PK,2022-02-09 02:31:03
268,Gold Coast,-28.0,153.4333,87.78,68,40,10.36,AU,2022-02-09 02:30:18
269,Kirkwall,58.9848,-2.9587,41.05,70,75,27.63,GB,2022-02-09 02:31:04
270,Bethel,41.3712,-73.414,33.89,73,0,9.22,US,2022-02-09 02:31:04
271,Cumpas,29.9833,-109.7833,57.42,21,0,6.35,MX,2022-02-09 02:32:04
272,Belen,36.4891,36.2233,39.34,100,75,5.75,TR,2022-02-09 02:32:05
273,Port Lincoln,-34.7333,135.8667,70.7,57,98,11.54,AU,2022-02-09 02:30:31
274,Huntsville,34.7304,-86.5861,44.96,67,0,10.0,US,2022-02-09 02:30:57
275,Ponta Do Sol,32.6667,-17.1,66.83,55,61,10.65,PT,2022-02-09 02:32:06
276,Hemsedal,60.8629,8.5534,34.16,92,87,12.53,NO,2022-02-09 02:32:06
277,Georgetown,5.4112,100.3354,84.13,87,20,3.44,MY,2022-02-09 02:29:12
278,Alyangula,-13.8483,136.4192,89.47,66,75,5.75,AU,2022-02-09 02:32:06
279,Slave Lake,55.2834,-114.769,39.18,60,0,11.5,CA,2022-02-09 02:32:07
280,Ancud,-41.8697,-73.8203,53.42,78,8,4.56,CL,2022-02-09 02:31:51
281,Cabatuan,10.8794,122.486,83.53,62,48,16.91,PH,2022-02-09 02:32:07
282,Lexington,37.9887,-84.4777,42.12,58,0,9.22,US,2022-02-09 02:27:34
283,Raudeberg,61.9875,5.1352,39.87,93,100,11.01,NO,2022-02-09 02:32:08
284,Timmins,48.4669,-81.3331,15.62,92,75,8.05,CA,2022-02-09 02:28:31
285,Airai,-8.9266,125.4092,70.05,81,100,2.33,TL,2022-02-09 02:32:08
286,Kloulklubed,7.0419,134.2556,81.1,80,100,16.89,PW,2022-02-09 02:32:08
287,Huntingdon,52.3305,-0.1865,50.79,82,89,10.0,GB,2022-02-09 02:30:31
288,Carutapera,-1.195,-46.02,75.43,92,42,3.38,BR,2022-02-09 02:32:09
289,Orikum,40.3253,19.4714,43.86,50,0,12.71,AL,2022-02-09 02:32:09
290,Benguela,-12.5763,13.4055,76.53,79,100,1.19,AO,2022-02-09 02:32:09
291,Chapais,49.7834,-74.8492,17.38,98,100,3.65,CA,2022-02-09 02:32:10
292,Socorro,31.6546,-106.3033,52.07,28,0,5.75,US,2022-02-09 02:32:10
293,Khor,47.8861,134.9464,5.92,90,88,2.1,RU,2022-02-09 02:32:10
294,Naberera,-4.2,36.9333,60.1,84,24,4.85,TZ,2022-02-09 02:32:11
295,Besuki,-7.7338,113.6979,82.51,77,73,5.19,ID,2022-02-09 02:32:11
296,Gambo,4.6482,22.2633,64.26,37,62,3.67,CF,2022-02-09 02:32:11
297,Hoa Binh,20.8133,105.3383,55.29,93,100,2.71,VN,2022-02-09 02:32:12
298,Coolum Beach,-26.5333,153.1,83.34,58,6,10.45,AU,2022-02-09 02:32:12
299,Imeni Poliny Osipenko,52.4201,136.4853,4.23,90,95,2.1,RU,2022-02-09 02:32:13
300,Sept-Iles,50.2001,-66.3821,25.32,92,100,9.22,CA,2022-02-09 02:30:12
301,Galveston,29.3669,-94.9669,54.21,73,0,6.91,US,2022-02-09 02:32:13
302,Mackenzie,55.2999,-123.1698,37.62,81,100,16.11,CA,2022-02-09 02:32:13
303,Shingu,33.7333,135.9833,50.99,42,37,8.46,JP,2022-02-09 02:32:14
304,Bambous Virieux,-20.3428,57.7575,75.45,88,40,1.14,MU,2022-02-09 02:32:14
305,Oga,46.4631,10.347,40.28,33,3,2.64,IT,2022-02-09 02:32:14
306,Leshukonskoye,64.8989,45.7622,16.48,94,99,9.08,RU,2022-02-09 02:32:15
307,Vardo,70.3705,31.1107,27.09,79,89,21.39,NO,2022-02-09 02:32:15
308,Salalah,17.0151,54.0924,69.89,19,0,11.5,OM,2022-02-09 02:32:15
309,Qaqortoq,60.7167,-46.0333,3.7,74,10,7.49,GL,2022-02-09 02:29:11
310,Mindelo,16.8901,-24.9804,67.55,77,20,6.91,CV,2022-02-09 02:32:16
311,Shebalino,51.2917,85.6772,10.8,95,100,0.45,RU,2022-02-09 02:32:16
312,Waitati,-45.75,170.5667,59.81,84,100,8.59,NZ,2022-02-09 02:32:16
313,Kupang,-10.1667,123.5833,84.49,69,95,6.02,ID,2022-02-09 02:32:17
314,Great Yarmouth,52.6083,1.7305,51.22,72,61,19.91,GB,2022-02-09 02:32:17
315,Libreville,0.3925,9.4537,78.58,84,42,4.99,GA,2022-02-09 02:32:17
316,Muli,2.9167,73.5667,82.04,73,100,12.71,MV,2022-02-09 02:32:18
317,Lakes Entrance,-37.8811,147.981,80.17,56,37,8.97,AU,2022-02-09 02:32:18
318,Goderich,43.7501,-81.7165,21.9,73,31,10.36,CA,2022-02-09 02:30:32
319,Lilongwe,-13.9669,33.7873,63.34,97,100,1.61,MW,2022-02-09 02:33:18
320,Nyurba,63.2842,118.3319,-17.66,95,100,2.82,RU,2022-02-09 02:33:19
321,Igarka,67.4667,86.5833,-11.11,91,100,13.22,RU,2022-02-09 02:33:19
322,Vostok,46.4856,135.8833,13.19,80,97,3.87,RU,2022-02-09 02:33:19
323,Chulym,55.0997,80.9572,-9.45,98,6,8.72,RU,2022-02-09 02:33:20
324,Sovetskaya Gavan,48.9723,140.2878,16.93,62,77,12.97,RU,2022-02-09 02:33:20
325,Adrar,20.5022,-10.0711,63.95,12,100,10.33,MR,2022-02-09 02:33:20
326,Saldanha,-33.0117,17.9442,60.85,94,56,5.28,ZA,2022-02-09 02:33:21
327,Simojovel,17.1391,-92.7103,60.75,100,100,2.71,MX,2022-02-09 02:33:21
328,Thinadhoo,0.5333,72.9333,83.19,66,98,13.69,MV,2022-02-09 02:33:21
329,Macas,-2.3167,-78.1167,65.95,95,97,2.84,EC,2022-02-09 02:33:21
330,Zhigansk,66.7697,123.3711,-35.46,97,90,3.69,RU,2022-02-09 02:33:22
331,Riyadh,24.6877,46.7219,46.54,37,0,2.44,SA,2022-02-09 02:29:18
332,Lloydminster,53.2835,-110.0016,35.28,80,40,10.36,CA,2022-02-09 02:29:29
333,Mahdalynivka,48.921,34.9156,30.76,78,100,11.86,UA,2022-02-09 02:33:22
334,Hasaki,35.7333,140.8333,50.29,54,87,14.56,JP,2022-02-09 02:33:23
335,Geraldton,-28.7667,114.6,83.12,44,0,13.8,AU,2022-02-09 02:33:23
336,Minot,48.2325,-101.2963,37.62,70,100,26.46,US,2022-02-09 02:33:23
337,Cabedelo,-6.9811,-34.8339,79.47,74,24,9.17,BR,2022-02-09 02:33:24
338,Lamar,33.6668,-95.5836,51.46,34,0,6.91,US,2022-02-09 02:33:24
339,Kenai,60.5544,-151.2583,23.09,76,0,19.57,US,2022-02-09 02:33:24
340,Shahr-E Kord,32.3256,50.8644,17.37,93,0,2.3,IR,2022-02-09 02:33:24
341,Mitsamiouli,-11.3847,43.2844,80.98,78,100,11.79,KM,2022-02-09 02:33:25
342,Ler,8.3018,30.1418,72.57,23,44,4.72,SS,2022-02-09 02:33:25
343,Victoria,22.2855,114.1577,63.18,84,99,3.0,HK,2022-02-09 02:30:30
344,Mucurapo,10.6667,-61.5333,76.12,76,93,9.08,TT,2022-02-09 02:33:25
345,Beloha,-25.1667,45.05,73.26,90,70,8.95,MG,2022-02-09 02:33:26
346,Hatta,24.1167,79.6,66.9,31,75,3.04,IN,2022-02-09 02:33:26
347,Vila Velha,-20.3297,-40.2925,78.94,87,20,2.3,BR,2022-02-09 02:32:40
348,Pychas,56.5033,52.4409,15.06,96,100,6.06,RU,2022-02-09 02:33:26
349,Ouidah,6.3631,2.0851,82.26,87,8,7.4,BJ,2022-02-09 02:33:27
350,Seguin,29.5688,-97.9647,55.9,43,0,5.75,US,2022-02-09 02:30:52
351,Pisco,-13.7,-76.2167,69.03,88,0,5.75,PE,2022-02-09 02:33:27
352,Abu Dhabi,24.4667,54.3667,65.97,65,20,5.75,AE,2022-02-09 02:33:02
353,Nanortalik,60.1432,-45.2371,8.76,60,5,16.26,GL,2022-02-09 02:33:27
354,Codrington,-38.2667,141.9667,70.21,63,88,14.61,AU,2022-02-09 02:29:04
355,Amapa,1.0,-52.0,71.26,99,91,1.81,BR,2022-02-09 02:33:28
356,Hambantota,6.1241,81.1185,75.54,94,40,2.3,LK,2022-02-09 02:33:28
357,Samandag,36.0842,35.9771,46.92,92,44,11.97,TR,2022-02-09 02:33:28
358,Broken Hill,-31.95,141.4333,85.71,32,40,11.5,AU,2022-02-09 02:32:26
359,Moron,-34.6534,-58.6198,70.97,73,1,6.22,AR,2022-02-09 02:33:29
360,Palora,-1.7,-77.9333,64.74,93,97,1.88,EC,2022-02-09 02:33:29
361,Kendari,-3.945,122.4989,83.59,74,100,4.12,ID,2022-02-09 02:33:29
362,Northam,51.0333,-4.2167,49.01,91,100,17.25,GB,2022-02-09 02:33:30
363,Kavieng,-2.5744,150.7967,83.66,75,100,8.41,PG,2022-02-09 02:34:30
364,Limon,10.0,-83.0333,75.22,81,43,1.43,CR,2022-02-09 02:34:31
365,Ahome,25.9167,-109.1833,64.35,76,0,8.32,MX,2022-02-09 02:34:31
366,Maraa,-1.8333,-65.3667,71.71,99,90,1.66,BR,2022-02-09 02:34:31
367,Narsaq,60.9167,-46.05,3.42,72,18,9.57,GL,2022-02-09 02:34:31
368,Bontang,0.1333,117.5,77.92,84,100,5.82,ID,2022-02-09 02:34:32
369,General Roca,-39.0333,-67.5833,79.2,19,43,4.54,AR,2022-02-09 02:34:32
370,Severnoye,56.3491,78.3619,-13.23,99,40,6.46,RU,2022-02-09 02:34:32
371,Daru,-9.0763,143.2092,82.51,77,75,1.83,PG,2022-02-09 02:34:33
372,Sarkand,45.41,79.9186,19.62,76,80,4.74,KZ,2022-02-09 02:34:33
373,Kirkuk,35.4681,44.3922,48.65,61,95,6.02,IQ,2022-02-09 02:34:33
374,Yar-Sale,66.8333,70.8333,-0.56,96,93,15.1,RU,2022-02-09 02:34:34
375,Sao Gabriel Da Cachoeira,-0.1303,-67.0892,72.59,99,100,2.46,BR,2022-02-09 02:34:34
376,Ordzhonikidze,52.4411,61.7408,5.9,99,100,3.38,KZ,2022-02-09 02:34:34
377,Safaga,26.7292,33.9365,55.35,35,0,4.76,EG,2022-02-09 02:34:35
378,Sijunjung,-0.6876,100.9537,74.34,88,100,1.72,ID,2022-02-09 02:34:35
379,Gamba,-2.65,10.0,76.69,91,94,5.21,GA,2022-02-09 02:34:35
380,Tupik,54.4253,119.9327,3.33,88,100,3.33,RU,2022-02-09 02:34:35
381,Isiro,2.7739,27.616,64.02,46,72,0.49,CD,2022-02-09 02:34:36
382,Almeirim,-1.5233,-52.5817,74.17,94,68,2.98,BR,2022-02-09 02:34:36
383,Batticaloa,7.7102,81.6924,78.39,71,100,8.21,LK,2022-02-09 02:34:36
384,Astoria,46.1879,-123.8313,47.08,93,100,0.0,US,2022-02-09 02:34:37
385,Tiznit,29.5833,-9.5,60.22,29,3,10.42,MA,2022-02-09 02:34:37
386,Dillon,34.4166,-79.3712,39.65,72,86,2.21,US,2022-02-09 02:34:37
387,Kristiansund,63.1115,7.732,38.05,75,20,18.41,NO,2022-02-09 02:34:38
388,Sao Filipe,14.8961,-24.4956,72.32,71,1,3.78,CV,2022-02-09 02:34:38
389,Minab,27.1467,57.0801,53.92,94,0,0.0,IR,2022-02-09 02:34:38
390,Tezu,27.9167,96.1667,65.01,43,82,2.35,IN,2022-02-09 02:34:38
391,La Asuncion,11.0333,-63.8628,75.9,79,35,12.88,VE,2022-02-09 02:34:39
392,Superior,46.7208,-92.1041,37.87,73,100,10.36,US,2022-02-09 02:34:39
393,Isangel,-19.55,169.2667,84.31,84,100,6.91,VU,2022-02-09 02:34:39
394,Kirakira,-10.4544,161.9205,84.18,76,90,14.18,SB,2022-02-09 02:34:40
395,Chibombo,-14.6569,28.0706,64.44,97,100,1.74,ZM,2022-02-09 02:34:40
396,Betare Oya,5.6,14.0833,66.02,27,97,4.12,CM,2022-02-09 02:34:40
397,Atbasar,51.8,68.3333,5.97,93,100,7.65,KZ,2022-02-09 02:34:40
398,Surt,31.2089,16.5887,54.79,54,8,16.31,LY,2022-02-09 02:34:41
399,Nandikotkur,15.8667,78.2667,73.0,63,40,5.19,IN,2022-02-09 02:34:41
400,Krasnouralsk,58.3638,60.0407,-1.73,100,100,2.57,RU,2022-02-09 02:33:18
401,Maldonado,-34.6667,-54.9167,61.23,87,0,2.82,UY,2022-02-09 02:34:27
402,Lichinga,-13.3128,35.2406,64.49,94,75,4.61,MZ,2022-02-09 02:34:41
403,Manacor,39.5696,3.2096,52.34,80,36,1.77,ES,2022-02-09 02:34:42
404,Prokopion,38.7333,23.4833,43.99,72,29,15.57,GR,2022-02-09 02:34:42
405,Comodoro Rivadavia,-45.8667,-67.5,64.26,39,0,11.5,AR,2022-02-09 02:34:42
406,Pecos,31.4229,-103.4932,59.86,27,0,10.36,US,2022-02-09 02:30:05
407,Khakhea,-24.6895,23.494,74.68,48,27,5.28,BW,2022-02-09 02:34:43
408,Henties Bay,-22.116,14.2845,68.86,89,66,7.83,NA,2022-02-09 02:34:43
409,Kidal,18.4411,1.4078,65.12,10,0,8.5,ML,2022-02-09 02:34:43
410,Khorramshahr,30.4397,48.1664,49.96,76,0,4.61,IR,2022-02-09 02:34:43
411,Turukhansk,65.8167,87.9833,-14.4,91,100,6.17,RU,2022-02-09 02:34:44
412,Tazovskiy,67.4667,78.7,-4.41,84,98,14.81,RU,2022-02-09 02:35:44
413,Berlevag,70.8578,29.0864,22.28,85,100,17.43,NO,2022-02-09 02:35:44
414,Hoi An,15.8794,108.335,78.76,84,35,2.86,VN,2022-02-09 02:35:45
415,Husavik,66.0449,-17.3389,30.11,96,100,26.62,IS,2022-02-09 02:35:45
416,Nicoya,10.1483,-85.452,80.15,78,20,3.53,CR,2022-02-09 02:35:45
417,Medea,36.2642,2.7539,40.71,62,0,5.59,DZ,2022-02-09 02:33:21
418,Tateyama,34.9833,139.8667,51.15,56,100,12.71,JP,2022-02-09 02:35:45
419,Leh,34.1667,77.5833,-0.33,89,100,2.04,IN,2022-02-09 02:35:46
420,Bijie,27.3125,105.2942,32.63,85,95,3.02,CN,2022-02-09 02:35:46
421,Sao Miguel Do Araguaia,-13.275,-50.1628,73.0,95,100,5.39,BR,2022-02-09 02:35:46
422,Port Macquarie,-31.4333,152.9167,83.89,51,2,11.45,AU,2022-02-09 02:33:36
423,Buala,-8.145,159.5921,80.22,85,100,7.31,SB,2022-02-09 02:35:47
424,Caravelas,-17.7125,-39.2481,75.52,95,43,5.17,BR,2022-02-09 02:35:47
425,Lamu,-2.2717,40.902,77.22,91,68,11.23,KE,2022-02-09 02:35:47
426,Flin Flon,54.7682,-101.865,7.52,88,100,10.71,CA,2022-02-09 02:35:48
427,Wonthaggi,-38.6044,145.5913,86.05,54,94,6.93,AU,2022-02-09 02:35:48
428,Tacuarembo,-31.7333,-55.9833,59.58,67,0,5.57,UY,2022-02-09 02:35:48
429,Huarmey,-10.0681,-78.1522,71.01,79,94,6.53,PE,2022-02-09 02:35:49
430,Baruun-Urt,46.6806,113.2792,7.56,77,86,2.19,MN,2022-02-09 02:35:49
431,Balkanabat,39.5108,54.3671,43.81,46,47,9.69,TM,2022-02-09 02:35:49
432,Aklavik,68.2191,-135.0107,-37.37,99,52,6.08,CA,2022-02-09 02:35:50
433,Guarapari,-20.6667,-40.4975,78.89,96,100,7.11,BR,2022-02-09 02:35:50
434,Jardim,-21.4803,-56.1381,66.11,55,0,4.0,BR,2022-02-09 02:35:50
435,Kungurtug,50.5994,97.5228,0.23,96,100,0.89,RU,2022-02-09 02:35:50
436,Hobyo,5.3505,48.5268,75.63,73,1,19.64,SO,2022-02-09 02:35:51
437,Olinda,-8.0089,-34.8553,82.13,69,40,5.75,BR,2022-02-09 02:32:47
438,Miracema Do Tocantins,-9.5618,-48.3967,74.97,90,95,1.74,BR,2022-02-09 02:35:51
439,Esfarayen,37.0765,57.5101,22.66,55,3,4.12,IR,2022-02-09 02:35:51
440,Ayan,56.45,138.1667,15.17,68,100,5.55,RU,2022-02-09 02:35:52
441,Parksville,49.3163,-124.3195,44.73,99,100,20.71,CA,2022-02-09 02:32:45
442,Pochutla,15.7432,-96.4661,74.25,90,32,3.85,MX,2022-02-09 02:35:52
443,Ngerengere,-6.75,38.1167,72.3,96,100,3.36,TZ,2022-02-09 02:35:52
444,Voh,-20.9667,164.7,81.79,88,100,14.72,NC,2022-02-09 02:35:53
445,Komsomolskiy,40.4272,71.7189,38.12,75,100,11.5,UZ,2022-02-09 02:35:53
446,Eureka,40.8021,-124.1637,53.37,82,1,1.01,US,2022-02-09 02:33:03
447,Vagur,61.4732,-6.8119,37.58,72,91,45.16,FO,2022-02-09 02:35:53
448,Kulhudhuffushi,6.6221,73.07,80.38,69,100,11.34,MV,2022-02-09 02:35:53
449,Grand Gaube,-20.0064,57.6608,75.6,80,85,3.0,MU,2022-02-09 02:35:54
450,Yaan,7.3833,8.5667,75.13,25,82,5.26,NG,2022-02-09 02:35:54
451,Jeremie,18.65,-74.1167,75.58,78,9,2.37,HT,2022-02-09 02:35:54
452,Loa Janan,-0.583,117.095,77.81,87,100,3.24,ID,2022-02-09 02:35:55
453,Canberra,-35.2835,149.1281,80.06,43,28,17.27,AU,2022-02-09 02:31:26
454,San Quintin,30.4833,-115.95,60.57,44,5,6.15,MX,2022-02-09 02:35:55
455,Abha,18.2164,42.5053,50.25,76,0,0.0,SA,2022-02-09 02:35:55
456,Borgo San Dalmazzo,44.333,7.4858,45.14,46,8,4.47,IT,2022-02-09 02:35:56
457,Derzhavinsk,51.1,66.3167,17.83,95,99,10.83,KZ,2022-02-09 02:35:56
458,Gornyak,50.9942,81.4661,5.83,98,100,1.81,RU,2022-02-09 02:36:56
459,Baherden,38.4362,57.4316,40.69,53,10,5.73,TM,2022-02-09 02:36:57
460,Leningradskiy,69.3833,178.4167,-26.9,85,16,5.32,RU,2022-02-09 02:36:57
461,Landerneau,48.4525,-4.2525,47.16,100,100,8.05,FR,2022-02-09 02:36:57
462,Alenquer,-1.9417,-54.7383,77.34,96,100,1.43,BR,2022-02-09 02:36:57
463,Stefanestii De Jos,44.5333,26.2,37.92,60,0,9.22,RO,2022-02-09 02:36:58
464,Waspan,14.7419,-83.9717,69.39,95,6,3.94,NI,2022-02-09 02:36:58
465,Bathsheba,13.2167,-59.5167,75.81,73,20,12.66,BB,2022-02-09 02:36:58
466,Odienne,9.51,-7.5692,72.05,22,0,2.98,CI,2022-02-09 02:36:59
467,Warmbad,-28.45,18.7333,81.79,25,67,8.88,NA,2022-02-09 02:36:59
468,Kyshtovka,56.555,76.6271,-13.34,99,36,6.42,RU,2022-02-09 02:36:59
469,Florencia,43.7667,11.25,43.99,93,0,2.3,IT,2022-02-09 02:36:59
470,Llanelli,51.682,-4.1619,50.34,93,75,23.02,GB,2022-02-09 02:37:00
471,Tautira,-17.7333,-149.15,86.02,79,64,17.43,PF,2022-02-09 02:37:00
472,Conde,-7.2597,-34.9075,78.26,83,0,3.44,BR,2022-02-09 02:37:00
473,Erdenet,49.0333,104.0833,4.57,82,26,3.36,MN,2022-02-09 02:37:01
474,Praya,14.9215,-23.5087,70.34,56,0,8.05,CV,2022-02-09 02:36:42
475,Coahuayana,18.7333,-103.6833,78.28,87,0,2.82,MX,2022-02-09 02:37:01
476,Haines Junction,60.7522,-137.5108,39.15,52,14,10.36,CA,2022-02-09 02:37:01
477,Melo,-32.3667,-54.1833,59.45,85,0,7.05,UY,2022-02-09 02:37:02
478,Alice Springs,-23.7,133.8833,85.55,51,96,8.05,AU,2022-02-09 02:35:13
479,Alofi,-19.0595,-169.9187,82.29,74,75,8.05,NU,2022-02-09 02:37:02
480,Chipinge,-20.1883,32.6236,60.31,76,0,2.28,ZW,2022-02-09 02:37:02
481,Bar Harbor,44.3876,-68.2039,34.47,90,100,13.0,US,2022-02-09 02:37:03
482,Banjar,-8.19,114.9675,85.91,62,52,4.05,ID,2022-02-09 02:37:03
483,Clarksdale,34.2001,-90.5709,45.55,70,40,8.05,US,2022-02-09 02:37:03
484,Paris,48.8534,2.3488,43.11,95,75,4.61,FR,2022-02-09 02:36:03
485,Soto La Marina,23.7667,-98.2167,47.77,65,0,4.5,MX,2022-02-09 02:37:04
486,Chingirlau,51.095,54.0814,7.47,98,100,5.41,KZ,2022-02-09 02:37:04
487,Yarmouth,41.7057,-70.2286,36.18,83,20,8.05,US,2022-02-09 02:37:04
488,Peniche,39.3558,-9.3811,53.46,89,0,7.9,PT,2022-02-09 02:37:05
489,Khani,41.9563,42.9566,36.97,77,100,8.43,GE,2022-02-09 02:37:05
490,Yilan,24.757,121.753,66.02,95,100,4.5,TW,2022-02-09 02:37:05
491,Christchurch,-43.5333,172.6333,66.9,85,100,6.91,NZ,2022-02-09 02:35:31
492,Beringovskiy,63.05,179.3167,-14.93,84,2,14.29,RU,2022-02-09 02:37:06
493,Izumo,35.3667,132.7667,48.15,81,40,13.8,JP,2022-02-09 02:37:06
494,Sudova Vyshnya,49.7889,23.3722,39.83,95,82,13.73,UA,2022-02-09 02:37:06
495,Sines,37.9562,-8.8698,54.28,78,0,8.01,PT,2022-02-09 02:37:07
496,Rasht,37.2808,49.5832,33.62,100,12,0.0,IR,2022-02-09 02:37:07
497,Sao Joao Da Barra,-21.6403,-41.0511,71.44,96,100,15.5,BR,2022-02-09 02:37:07
498,Amahai,-3.3333,128.9167,86.52,63,86,3.8,ID,2022-02-09 02:37:08
499,Saint-Joseph,-21.3667,55.6167,73.78,84,81,8.1,RE,2022-02-09 02:37:08
500,Larsnes,62.2028,5.5773,39.0,96,100,28.7,NO,2022-02-09 02:37:08
501,Olafsvik,64.8945,-23.7142,29.43,74,99,37.24,IS,2022-02-09 02:37:08
502,Lida,53.8833,25.2997,34.54,90,83,15.32,BY,2022-02-09 02:37:09
503,Chifeng,42.2683,118.9636,28.54,29,25,5.5,CN,2022-02-09 02:37:09
504,Riberalta,-10.9833,-66.1,72.91,97,100,0.31,BO,2022-02-09 02:37:09
505,Chiredzi,-21.05,31.6667,66.54,59,0,2.86,ZW,2022-02-09 02:38:10
506,Barbacoas,1.6715,-78.1398,72.93,98,100,0.6,CO,2022-02-09 02:38:10
507,Mokrousovo,55.8103,66.7653,6.12,91,54,8.97,RU,2022-02-09 02:38:10
508,Clearwater,27.9659,-82.8001,53.98,91,100,6.91,US,2022-02-09 02:38:10
509,Naples,40.8333,14.25,50.77,43,0,4.61,IT,2022-02-09 02:38:11
510,Sisimiut,66.9395,-53.6735,-0.35,75,100,20.49,GL,2022-02-09 02:38:11
511,Liku,-0.7275,119.8922,78.73,85,100,1.5,ID,2022-02-09 02:38:11
512,Yulara,-25.2406,130.9889,85.84,30,100,14.97,AU,2022-02-09 02:38:12
513,Goure,13.9835,10.2704,60.42,12,3,9.44,NE,2022-02-09 02:38:12
514,Kutum,14.2,24.6667,52.97,21,0,5.01,SD,2022-02-09 02:38:12
515,Jumla,29.2747,82.1838,35.83,66,47,2.84,NP,2022-02-09 02:38:12
516,San Patricio,28.017,-97.5169,55.83,50,0,8.43,US,2022-02-09 02:38:13
517,Bara,10.3744,10.7288,66.38,16,60,7.58,NG,2022-02-09 02:38:13
518,Mangai,-4.05,19.5333,73.74,80,99,0.92,CD,2022-02-09 02:38:13
519,Araouane,18.9048,-3.5265,63.75,11,0,11.05,ML,2022-02-09 02:38:14
520,Sena Madureira,-9.0656,-68.6569,71.73,99,99,2.46,BR,2022-02-09 02:38:14
521,Nhulunbuy,-12.2333,136.7667,88.41,66,75,10.36,AU,2022-02-09 02:38:14
522,Bedford,52.1346,-0.4663,50.67,83,100,16.31,GB,2022-02-09 02:38:15
523,Pokhara,28.2333,83.9833,54.27,58,93,1.32,NP,2022-02-09 02:38:15
524,Shaunavon,49.6501,-108.4181,28.18,76,39,10.22,CA,2022-02-09 02:38:15
525,Tombouctou,20.0,-3.0,62.49,11,0,11.3,ML,2022-02-09 02:38:16
526,Zachepylivka,49.1939,35.2394,28.87,80,100,11.54,UA,2022-02-09 02:38:16
527,Dalvik,65.9702,-18.5286,30.13,97,100,27.27,IS,2022-02-09 02:38:16
528,Longyearbyen,78.2186,15.6401,10.24,79,75,10.36,SJ,2022-02-09 02:38:17
529,Visby,57.6409,18.296,36.77,93,90,12.66,SE,2022-02-09 02:38:17
530,Lavrentiya,65.5833,-171.0,-21.37,93,49,11.18,RU,2022-02-09 02:38:17
531,Tigre,-34.426,-58.5796,71.22,71,0,3.44,AR,2022-02-09 02:38:17
532,Roncesvalles,4.0108,-75.6049,51.15,94,100,1.41,CO,2022-02-09 02:38:18
533,Camalu,30.85,-116.0667,58.42,40,2,4.16,MX,2022-02-09 02:38:18
534,Trairi,-3.2778,-39.2689,78.08,81,30,7.72,BR,2022-02-09 02:38:18
535,Ixtapa,20.7,-105.2,70.83,83,0,6.91,MX,2022-02-09 02:38:19
536,Nouadhibou,20.931,-17.0347,66.18,82,12,10.36,MR,2022-02-09 02:38:19
537,Oktyabrskoye,43.0645,44.7417,23.14,93,97,6.71,RU,2022-02-09 02:38:19
538,Samarai,-10.6167,150.6667,82.99,75,91,7.92,PG,2022-02-09 02:38:20
539,Hibbing,47.4272,-92.9377,33.57,49,100,8.05,US,2022-02-09 02:38:20
540,Fallon,39.4735,-118.7774,46.27,33,0,6.91,US,2022-02-09 02:38:20
541,Chumikan,54.7183,135.315,3.87,84,100,13.31,RU,2022-02-09 02:38:20
542,Ondjiva,-17.0667,15.7333,67.26,79,100,5.55,AO,2022-02-09 02:38:21
543,Wanning,18.8003,110.3967,75.04,84,88,10.31,CN,2022-02-09 02:38:21
544,Vila,42.0304,-8.1588,44.33,60,0,4.0,PT,2022-02-09 02:38:21
545,Hirado,33.3597,129.5531,53.38,56,46,17.22,JP,2022-02-09 02:38:22
546,Bandarbeyla,9.4942,50.8122,73.96,71,62,13.91,SO,2022-02-09 02:38:22
547,Canutama,-6.5339,-64.3831,73.35,98,100,2.68,BR,2022-02-09 02:38:22
548,Clyde River,70.4692,-68.5914,-32.57,75,0,2.3,CA,2022-02-09 02:38:22
549,Hohhot,40.8106,111.6522,16.09,86,20,2.24,CN,2022-02-09 02:38:23
550,Ormara,25.2088,64.6357,69.1,37,0,8.9,PK,2022-02-09 02:38:23
551,San Carlos De Bariloche,-41.1456,-71.3082,62.35,55,0,8.05,AR,2022-02-09 02:35:28
552,Balagunan,7.4922,125.5211,81.36,69,100,8.79,PH,2022-02-09 02:39:24
553,Loralai,30.3705,68.598,40.82,50,0,4.12,PK,2022-02-09 02:39:24
554,General Cepeda,25.3833,-101.45,45.81,41,0,2.13,MX,2022-02-09 02:39:24
555,Dingle,10.9995,122.6711,83.1,63,49,16.89,PH,2022-02-09 02:39:24
556,Sambava,-14.2667,50.1667,75.06,90,45,4.0,MG,2022-02-09 02:39:25
557,Ecoporanga,-18.3733,-40.8306,72.93,94,100,1.61,BR,2022-02-09 02:39:25
558,Huhi,20.7167,-89.1667,66.16,84,100,6.58,MX,2022-02-09 02:39:25
559,Mehamn,71.0357,27.8492,20.12,91,100,13.58,NO,2022-02-09 02:39:26
560,Yasnyy,51.0333,59.8742,4.06,99,97,4.99,RU,2022-02-09 02:39:26
561,Elverum,60.8819,11.5623,30.06,86,44,6.91,NO,2022-02-09 02:39:26
562,Sumenep,-7.0167,113.8667,84.38,71,72,9.73,ID,2022-02-09 02:35:31
563,Luanda,-8.8368,13.2343,73.53,87,94,4.56,AO,2022-02-09 02:39:27
564,Alexandria,31.2156,29.9553,55.94,81,40,8.05,EG,2022-02-09 02:39:27
565,Agadez,19.75,10.25,59.32,12,0,5.12,NE,2022-02-09 02:39:27
566,Ketchikan,55.3422,-131.6461,44.58,93,100,16.11,US,2022-02-09 02:39:27
567,Nelson Bay,-32.7167,152.15,89.29,43,3,7.34,AU,2022-02-09 02:39:28
568,Poum,-20.2333,164.0167,81.86,85,100,27.98,NC,2022-02-09 02:39:28
569,Port Hardy,50.6996,-127.4199,46.76,93,100,16.11,CA,2022-02-09 02:39:28
570,Storslett,69.7678,21.0247,28.2,80,100,8.41,NO,2022-02-09 02:39:29
571,Kilis,36.7161,37.115,37.63,92,97,8.95,TR,2022-02-09 02:39:29
572,Yarkovo,57.4028,67.0786,5.83,96,16,6.76,RU,2022-02-09 02:39:29
573,Virginia Beach,36.8529,-75.978,41.02,87,40,4.61,US,2022-02-09 02:37:43
574,Deir Hanna,32.862,35.3637,48.18,64,14,3.2,IL,2022-02-09 02:39:30
575,Makasar,-5.14,119.4221,77.05,100,40,5.75,ID,2022-02-09 02:39:30
576,Lakselv,70.0513,24.9718,22.82,74,100,17.27,NO,2022-02-09 02:39:30
577,Kiomboi,-4.2667,34.3667,59.9,88,93,1.97,TZ,2022-02-09 02:39:31
578,Bela,25.9333,81.9833,60.69,68,40,9.75,IN,2022-02-09 02:39:31
579,Palmas,-10.2128,-48.3603,78.67,83,40,3.44,BR,2022-02-09 02:38:49
580,Thaba-Tseka,-29.522,28.6084,52.07,59,3,0.67,LS,2022-02-09 02:39:31
581,Sur,22.5667,59.5289,68.43,54,0,12.37,OM,2022-02-09 02:39:32
582,Alekseyevsk,57.8406,108.3492,-10.52,94,99,2.98,RU,2022-02-09 02:39:32
583,Tessalit,20.1986,1.0114,63.37,10,0,8.75,ML,2022-02-09 02:39:32
584,Vladivostok,43.1056,131.8735,23.02,64,22,2.82,RU,2022-02-09 02:36:55
